{"cameraMode":{"drawMode":0,"name":"Shaded","section":"Shading Mode"},"sceneLighting":true,"audioPlay":false,"sceneViewState":{"showFog":true,"showMaterialUpdate":false,"showSkybox":true,"showFlares":true,"showImageEffects":true,"showParticleSystems":true},"in2DMode":false,"pivot":{"x":-2.8246679306030275,"y":2.095811367034912,"z":-2.726332187652588},"rotation":{"x":-0.029267285019159318,"y":0.9687492251396179,"z":-0.13978935778141023,"w":-0.20282135903835298},"size":2.8578836917877199,"orthographic":false}