{"cameraMode":{"drawMode":0,"name":"Shaded","section":"Shading Mode"},"sceneLighting":true,"audioPlay":false,"sceneViewState":{"showFog":true,"showMaterialUpdate":false,"showSkybox":true,"showFlares":true,"showImageEffects":true,"showParticleSystems":true},"in2DMode":false,"pivot":{"x":653.2459106445313,"y":271.5953369140625,"z":-9.239788055419922},"rotation":{"x":0.301246702671051,"y":-0.0014303786447271705,"z":0.0004518776840995997,"w":0.9535452127456665},"size":567.5386352539063,"orthographic":false}